<?xml version="1.0" encoding="UTF-8"?>
<beans xmlns="http://www.springframework.org/schema/beans"
	xmlns:xsi="http://www.w3.org/2001/XMLSchema-instance"
	xsi:schemaLocation="http://www.springframework.org/schema/beans http://www.springframework.org/schema/beans/spring-beans.xsd">

	<bean id="user"
		class="org.springframework.web.servlet.view.JstlView">
		<property name="url" value="/WEB-INF/views/user.jsp" />
	</bean>

	<bean id="product"
		class="org.springframework.web.servlet.view.JstlView">
		<property name="url" value="/WEB-INF/views/product.jsp" />
	</bean>

	<bean id="userRedirect"
		class="org.springframework.web.servlet.view.RedirectView">
		<property name="url" value="user" />
	</bean>

</beans>
